Ref,Val,Package,PosX,PosY,Rot,Side
"SW1","SW_Push","SW_Gateron_LowProfile_THT",52.225268,-57.697080,-15.000000,top
"SW2","SW_Push","SW_Gateron_LowProfile_THT",198.371796,-57.697081,15.000000,top
"SW3","SW_Push","SW_Gateron_LowProfile_THT",66.714154,-61.579366,-15.000000,top
"SW4","SW_Push","SW_Gateron_LowProfile_THT",183.882913,-61.579366,15.000000,top
"SW5","SW_Push","SW_Gateron_LowProfile_THT",81.203045,-65.461651,-15.000000,top
"SW6","SW_Push","SW_Gateron_LowProfile_THT",169.394022,-65.461650,15.000000,top
"SW7","SW_Push","SW_Gateron_LowProfile_THT",95.691931,-69.343936,-15.000000,top
"SW8","SW_Push","SW_Gateron_LowProfile_THT",154.905137,-69.343934,15.000000,top
"SW9","SW_Push","SW_Gateron_LowProfile_THT",48.342984,-72.185968,-15.000000,top
"SW10","SW_Push","SW_Gateron_LowProfile_THT",202.254082,-72.185964,15.000000,top
"SW11","SW_Push","SW_Gateron_LowProfile_THT",110.180819,-73.226222,-15.000000,top
"SW12","SW_Push","SW_Gateron_LowProfile_THT",140.416248,-73.226224,15.000000,top
"SW13","SW_Push","SW_Gateron_LowProfile_THT",62.831868,-76.068249,-15.000000,top
"SW14","SW_Push","SW_Gateron_LowProfile_THT",187.765194,-76.068253,15.000000,top
"SW15","SW_Push","SW_Gateron_LowProfile_THT",77.320758,-79.950538,-15.000000,top
"SW16","SW_Push","SW_Gateron_LowProfile_THT",173.276308,-79.950539,15.000000,top
"SW17","SW_Push","SW_Gateron_LowProfile_THT",91.809646,-83.832825,-15.000000,top
"SW18","SW_Push","SW_Gateron_LowProfile_THT",158.787420,-83.832825,15.000000,top
"SW19","SW_Push","SW_Gateron_LowProfile_THT",106.298533,-87.715110,-15.000000,top
"SW20","SW_Push","SW_Gateron_LowProfile_THT",144.298531,-87.715110,15.000000,top
"SW21","SW_Push","SW_Gateron_LowProfile_THT",73.438470,-94.439426,-15.000000,top
"SW22","SW_Push","SW_Gateron_LowProfile_THT",177.158596,-94.439426,15.000000,top
"SW23","SW_Push","SW_Gateron_LowProfile_THT",87.927362,-98.321712,-15.000000,top
"SW24","SW_Push","SW_Gateron_LowProfile_THT",162.669706,-98.321713,15.000000,top
"SW25","SW_Push","SW_Gateron_LowProfile_THT",102.416245,-102.203997,-15.000000,top
"SW26","SW_Push","SW_Gateron_LowProfile_THT",148.180820,-102.203997,15.000000,top
"SW27","SW_Push","SW_Gateron_LowProfile_THT",69.556188,-108.928313,-15.000000,top
"SW28","SW_Push","SW_Gateron_LowProfile_THT",181.040881,-108.928313,15.000000,top
"SW29","SW_Push","SW_Gateron_LowProfile_THT",84.045074,-112.810597,-15.000000,top
"SW30","SW_Push","SW_Gateron_LowProfile_THT",166.551994,-112.810596,15.000000,top
"SW31","SW_Push","SW_Gateron_LowProfile_THT",98.533963,-116.692883,-15.000000,top
"SW32","SW_Push","SW_Gateron_LowProfile_THT",152.063105,-116.692886,15.000000,top
