"Id";"Designator";"Footprint";"Quantity";"Designation";"Supplier and ref";
1;"SW2,SW23,SW24,SW17,SW14,SW18,SW30,SW31,SW4,SW9,SW8,SW3,SW20,SW10,SW13,SW1,SW32,SW21,SW22,SW16,SW12,SW27,SW7,SW11,SW19,SW6,SW25,SW26,SW28,SW29,SW15,SW5";"SW_Gateron_LowProfile_THT";32;"SW_Push";;;
2;"D1,D6,D3,D5,D2,D14,D15,D4,D9,D10,D20,D21,D22,D23,D24,D25,D26,D27,D28,D12,D16,D17,D11,D13,D7,D8,D29,D18,D19,D30,D31,D32";"D_SOD-323";32;"D_Small";;;
3;"C2,C1";"C_0402_1005Metric";2;"100nF";;;
4;"SW33";"SW_SPST_SKQG_WithStem";1;"BOOT";;;
5;"SW34";"SW_SPST_SKQG_WithStem";1;"RESET";;;
6;"U1";"TSSOP-20_4.4x6.5mm_P0.65mm";1;"CH552T";;;
7;"J1";"USB_C_Receptacle_HRO_TYPE-C-31-M-12";1;"USB_C_Receptacle_USB2.0";;;
8;"R1";"R_0402_1005Metric";1;"10k";;;
9;"R4,R5";"R_0402_1005Metric";2;"5.1k";;;
10;"H12,H11,H10,H9,H8,H7,H6,H5,H4,H3,H2,H1";"SMTSO-M1.6";12;"MountingHole_Pad";;;
